{
  "baseline": 3.215000000000002,
  "daily_maintenance": 2.200000000000001
}