{
  "baseline": 0.211955791376081,
  "daily_maintenance": 3.8000000000000025
}