{
  "baseline": 0.6119557913760809,
  "daily_maintenance": 4.000000000000003
}