{
  "baseline": 3.015000000000002,
  "daily_maintenance": 2.000000000000001
}