{
  "baseline": 3.5150000000000023,
  "daily_maintenance": 2.4000000000000012
}