{
  "baseline": 3.115000000000002,
  "daily_maintenance": 2.100000000000001
}