{
  "baseline": 3.4150000000000023,
  "daily_maintenance": 2.300000000000001
}